episode_id,source,modality,prompt_condition,condition,model,length,true_hmm_group,pred_hmm_group,is_correct,best_mean_loglik_per_step
human__ex_bckp1-B-DC_sim1.pkl,human,human,human,human,human,79,human,human,True,-1.4430860167293031
human__ex_bckp1-B-DI_sim1.pkl,human,human,human,human,human,21,human,human,True,-1.2778942945346545
human__ex_bckp2-B-DC_sim1.pkl,human,human,human,human,human,55,human,human,True,-1.3959584836354357
human__ex_bckp3-B-DC_sim1.pkl,human,human,human,human,human,33,human,human,True,-1.2750749451659722
human__ex_bckp3-B-DI_sim1.pkl,human,human,human,human,human,43,human,human,True,-1.4091700749438816
human__ex_bckp4-B-DC_sim1.pkl,human,human,human,human,human,22,human,human,True,-1.8419244239367887
human__ex_bckp4-B-DI_sim1.pkl,human,human,human,human,human,33,human,human,True,-1.890539019934834
human__ex_bckp5-B-DI_sim1.pkl,human,human,human,human,human,30,human,human,True,-1.5684520032456986
human__k1-25oz4ao2_sim1.pkl,human,human,human,human,human,69,human,human,True,-1.3135632501944006
human__k1-2amr9p8_sim1.pkl,human,human,human,human,human,42,human,human,True,-1.7161533777688367
human__k1-2c6xw4w_sim1.pkl,human,human,human,human,human,58,human,human,True,-1.3876877235320935
human__k1-2evmd4o_sim1.pkl,human,human,human,human,human,23,human,human,True,-1.6581950120773585
human__k1-2gyhzyv_sim1.pkl,human,human,human,human,human,20,human,human,True,-1.4989187246209774
human__k1-2ry26mia_sim1.pkl,human,human,human,human,human,9,human,qwen25_vl_7b__chart__normal,False,-2.128929150905066
human__k1-3ar8diu9_sim1.pkl,human,human,human,human,human,89,human,human,True,-1.6925051028286353
human__k1-3wo8c2w_sim1.pkl,human,human,human,human,human,93,human,human,True,-1.3024965800636983
human__k1-4oujvbay_sim1.pkl,human,human,human,human,human,35,human,human,True,-1.4987139129015514
human__k1-5cx5i7tg_sim1.pkl,human,human,human,human,human,85,human,human,True,-1.205861109122422
human__k1-6poawdbw_sim1.pkl,human,human,human,human,human,44,human,human,True,-1.2392933038464058
human__k1-6x2on43m_sim1.pkl,human,human,human,human,human,174,human,human,True,-1.2979829530728637
human__k1-7fg7oyno_sim1.pkl,human,human,human,human,human,7,human,qwen25_vl_7b__chart__student,False,-1.7691783685410791
human__k1-7tn4j5r_sim1.pkl,human,human,human,human,human,17,human,human,True,-2.259731235613034
human__k1-7v5rqcw_sim1.pkl,human,human,human,human,human,87,human,human,True,-1.3324318900456043
human__k1-844jdzzv_sim1.pkl,human,human,human,human,human,196,human,human,True,-1.2686658456013
human__k1-8sivzms8_sim1.pkl,human,human,human,human,human,52,human,human,True,-1.3754679739010167
human__k1-8wnwvt2o_sim1.pkl,human,human,human,human,human,14,human,human,True,-1.2978861089895077
human__k1-8yhczhdd_sim1.pkl,human,human,human,human,human,13,human,human,True,-1.7108495059008226
human__k1-9k2w3mio_sim1.pkl,human,human,human,human,human,34,human,human,True,-1.5990574642899213
human__k1-9uwp7vnf_sim1.pkl,human,human,human,human,human,40,human,human,True,-1.2205338232235323
human__k1-a9vxzvuf_sim1.pkl,human,human,human,human,human,61,human,human,True,-1.3760948303540732
human__k1-e4s6ose8_sim1.pkl,human,human,human,human,human,84,human,human,True,-0.9379948490600182
human__k1-egrbxr77_sim1.pkl,human,human,human,human,human,38,human,human,True,-1.0824114320204377
human__k1-ey55om7m_sim1.pkl,human,human,human,human,human,133,human,human,True,-1.0355081324750983
human__k1-f4pc8r3d_sim1.pkl,human,human,human,human,human,102,human,human,True,-1.0461956411319777
human__k1-f5cxv3ih_sim1.pkl,human,human,human,human,human,152,human,human,True,-1.110789847373196
human__k1-f5m9gdjy_sim1.pkl,human,human,human,human,human,229,human,human,True,-1.2893442692014299
human__k1-fcu4bpjs_sim1.pkl,human,human,human,human,human,126,human,human,True,-0.9349945006310465
human__k1-g69gsa77_sim1.pkl,human,human,human,human,human,78,human,human,True,-1.3206047204769618
human__k1-gak3udqp_sim1.pkl,human,human,human,human,human,77,human,human,True,-1.721703261059551
human__k1-gsck6mfh_sim1.pkl,human,human,human,human,human,59,human,human,True,-1.495681498022405
human__k1-h68szyda_sim1.pkl,human,human,human,human,human,93,human,human,True,-1.1936763218264335
human__k1-hxf2dkio_sim1.pkl,human,human,human,human,human,34,human,human,True,-1.2187406280846598
human__k1-ik93ja9j_sim1.pkl,human,human,human,human,human,28,human,human,True,-1.7888470599324384
human__k1-ipoaq6dm_sim1.pkl,human,human,human,human,human,31,human,human,True,-1.0506416229442057
human__k1-j35wegzc_sim1.pkl,human,human,human,human,human,53,human,human,True,-1.451304553758196
human__k1-j44bm5u5_sim1.pkl,human,human,human,human,human,72,human,human,True,-1.413547398903634
human__k1-jxxtsxb4_sim1.pkl,human,human,human,human,human,40,human,human,True,-1.4739045646000604
human__k1-k2ejoroe_sim1.pkl,human,human,human,human,human,47,human,human,True,-2.1077389662294546
human__k1-kewr99xr_sim1.pkl,human,human,human,human,human,74,human,human,True,-1.210289503648473
human__k1-khkmskrb_sim1.pkl,human,human,human,human,human,94,human,human,True,-1.418374539034546
human__k1-koxiis8d_sim1.pkl,human,human,human,human,human,128,human,human,True,-1.0512531347120249
human__k1-n7d48xur_sim1.pkl,human,human,human,human,human,40,human,human,True,-2.10280082756286
human__k1-nyupgx4w_sim1.pkl,human,human,human,human,human,71,human,human,True,-1.185304884792665
human__k1-o65rmutz_sim1.pkl,human,human,human,human,human,66,human,human,True,-0.9216598762328223
human__k1-o9wjcmsf_sim1.pkl,human,human,human,human,human,48,human,human,True,-1.2274287379223938
human__k1-oas8g9fo_sim1.pkl,human,human,human,human,human,63,human,human,True,-0.9017637317302182
human__k1-oc7xo23m_sim1.pkl,human,human,human,human,human,42,human,human,True,-1.123179480986204
human__k1-oe26stt9_sim1.pkl,human,human,human,human,human,64,human,human,True,-1.2750660022700586
human__k1-og9iomhk_sim1.pkl,human,human,human,human,human,141,human,human,True,-1.3832905548810903
human__k1-oty69e6s_sim1.pkl,human,human,human,human,human,65,human,human,True,-1.3403462699723336
human__k1-p9dyozie_sim1.pkl,human,human,human,human,human,39,human,human,True,-1.6749595926233236
human__k1-pzgsjqi7_sim1.pkl,human,human,human,human,human,87,human,human,True,-1.280568766164159
human__k1-qdfhyyzw_sim1.pkl,human,human,human,human,human,69,human,human,True,-1.2129573402634746
human__k1-qf3zo9v9_sim1.pkl,human,human,human,human,human,33,human,human,True,-1.2987671140302464
human__k1-rjmvg8zc_sim1.pkl,human,human,human,human,human,50,human,human,True,-1.4568013614542468
human__k1-s5i3notu_sim1.pkl,human,human,human,human,human,143,human,human,True,-1.1449577018630184
human__k1-ucyvx7sm_sim1.pkl,human,human,human,human,human,37,human,human,True,-1.2467974681814793
human__k1-udvx42mx_sim1.pkl,human,human,human,human,human,39,human,human,True,-1.388228214443
human__k1-v7mdsvjn_sim1.pkl,human,human,human,human,human,206,human,human,True,-1.1780971736183785
human__k1-v9zq6g87_sim1.pkl,human,human,human,human,human,39,human,human,True,-1.4365847507739362
human__k1-vwau7pb7_sim1.pkl,human,human,human,human,human,81,human,human,True,-1.1978088323185103
human__k1-wiaebcd2_sim1.pkl,human,human,human,human,human,69,human,human,True,-1.1240719589131514
human__k1-wqfzyqb9_sim1.pkl,human,human,human,human,human,46,human,human,True,-2.0301907171724154
human__k1-wtpst52k_sim1.pkl,human,human,human,human,human,77,human,human,True,-1.2406773925864807
human__k1-x7mv42mg_sim1.pkl,human,human,human,human,human,23,human,human,True,-1.5279750709485531
human__k1-xdeddfxs_sim1.pkl,human,human,human,human,human,87,human,human,True,-0.9824050977466814
human__k1-xuydcgqp_sim1.pkl,human,human,human,human,human,73,human,human,True,-1.0379007347878024
human__k1-yjmnv8bt_sim1.pkl,human,human,human,human,human,171,human,human,True,-1.1024780978159388
human__k1-z9itzaam_sim1.pkl,human,human,human,human,human,68,human,human,True,-1.3055050384795106
human__k1-zvm6hs9n_sim1.pkl,human,human,human,human,human,58,human,human,True,-1.259920914380403
human__kate_testing-B-DC_sim1.pkl,human,human,human,human,human,23,human,human,True,-1.5524291016625555
model_000,model,simulation,student,simulation_student,qwen25_vl_3b,5,qwen25_vl_3b__simulation__student,qwen35_4b__text__normal,False,-0.8984944715998807
model_001,model,simulation,student,simulation_student,qwen25_vl_7b,5,qwen25_vl_7b__simulation__student,qwen25_vl_7b__simulation__student,True,-1.614252949100269
model_002,model,simulation,student,simulation_student,qwen25_vl_7b,4,qwen25_vl_7b__simulation__student,qwen25_vl_7b__simulation__student,True,-1.5121114284869004
model_003,model,simulation,student,simulation_student,qwen25_vl_3b,6,qwen25_vl_3b__simulation__student,qwen25_vl_3b__simulation__student,True,-1.4564678653319119
model_004,model,simulation,student,simulation_student,qwen25_vl_3b,4,qwen25_vl_3b__simulation__student,qwen35_4b__text__normal,False,-0.980100422110849
model_005,model,simulation,student,simulation_student,qwen25_vl_7b,3,qwen25_vl_7b__simulation__student,qwen25_vl_3b__chart__normal,False,-0.991498731694256
model_006,model,simulation,student,simulation_student,qwen25_vl_7b,7,qwen25_vl_7b__simulation__student,qwen35_4b__text__normal,False,-1.0781247867284043
model_007,model,simulation,student,simulation_student,qwen25_vl_3b,5,qwen25_vl_3b__simulation__student,qwen25_vl_3b__simulation__student,True,-1.2564165491188983
model_008,model,simulation,student,simulation_student,qwen25_vl_3b,2,qwen25_vl_3b__simulation__student,qwen25_vl_3b__simulation__student,True,-0.8450164062692666
model_009,model,simulation,student,simulation_student,qwen25_vl_3b,5,qwen25_vl_3b__simulation__student,qwen25_vl_3b__chart__student,False,-1.812593883270749
model_010,model,simulation,student,simulation_student,qwen25_vl_7b,5,qwen25_vl_7b__simulation__student,qwen35_4b__text__normal,False,-1.0858880103058781
model_011,model,simulation,student,simulation_student,qwen25_vl_7b,5,qwen25_vl_7b__simulation__student,qwen25_vl_7b__simulation__student,True,-0.8416138852026531
model_012,model,simulation,student,simulation_student,qwen25_vl_3b,4,qwen25_vl_3b__simulation__student,qwen25_vl_7b__simulation__student,False,-0.949619721041266
model_013,model,simulation,student,simulation_student,qwen25_vl_3b,12,qwen25_vl_3b__simulation__student,qwen35_4b__text__normal,False,-1.404622810003615
model_014,model,simulation,student,simulation_student,qwen25_vl_3b,25,qwen25_vl_3b__simulation__student,qwen25_vl_3b__simulation__student,True,-1.2366286977921812
model_015,model,simulation,student,simulation_student,qwen25_vl_7b,5,qwen25_vl_7b__simulation__student,qwen35_4b__text__normal,False,-0.9739825911906331
model_016,model,simulation,student,simulation_student,qwen25_vl_7b,10,qwen25_vl_7b__simulation__student,qwen25_vl_7b__simulation__student,True,-1.3019902958301781
model_017,model,simulation,student,simulation_student,qwen25_vl_7b,3,qwen25_vl_7b__simulation__student,qwen25_vl_3b__chart__normal,False,-0.991498731694256
model_018,model,simulation,student,simulation_student,qwen25_vl_7b,4,qwen25_vl_7b__simulation__student,qwen35_4b__text__normal,False,-0.8189906741392152
model_019,model,chart,student,chart_student,qwen25_vl_3b,9,qwen25_vl_3b__chart__student,qwen25_vl_3b__chart__student,True,-1.5014257954752348
model_020,model,chart,student,chart_student,qwen25_vl_3b,5,qwen25_vl_3b__chart__student,qwen25_vl_3b__chart__student,True,-1.1598819672088472
model_021,model,chart,student,chart_student,qwen25_vl_3b,5,qwen25_vl_3b__chart__student,qwen25_vl_3b__chart__student,True,-1.4488516256370958
model_022,model,chart,student,chart_student,qwen25_vl_3b,8,qwen25_vl_3b__chart__student,qwen25_vl_3b__chart__student,True,-1.746882579687554
model_023,model,chart,student,chart_student,qwen25_vl_7b,3,qwen25_vl_7b__chart__student,qwen25_vl_7b__chart__student,True,-1.296490644471156
model_024,model,chart,student,chart_student,qwen25_vl_7b,10,qwen25_vl_7b__chart__student,qwen25_vl_7b__simulation__student,False,-1.344092121746725
model_025,model,chart,student,chart_student,qwen25_vl_7b,2,qwen25_vl_7b__chart__student,qwen25_vl_3b__simulation__student,False,-0.8450164062692666
model_026,model,chart,student,chart_student,qwen25_vl_7b,4,qwen25_vl_7b__chart__student,qwen25_vl_7b__chart__student,True,-1.5274207187395248
model_027,model,chart,student,chart_student,qwen25_vl_3b,5,qwen25_vl_3b__chart__student,qwen25_vl_3b__simulation__normal,False,-0.7480816580847776
model_028,model,chart,student,chart_student,qwen25_vl_3b,7,qwen25_vl_3b__chart__student,qwen25_vl_3b__chart__student,True,-1.2098306971161328
model_029,model,chart,student,chart_student,qwen25_vl_3b,7,qwen25_vl_3b__chart__student,qwen25_vl_3b__chart__student,True,-1.640829856015987
model_030,model,chart,student,chart_student,qwen25_vl_3b,6,qwen25_vl_3b__chart__student,qwen25_vl_3b__chart__student,True,-1.3335054265544584
model_031,model,chart,student,chart_student,qwen25_vl_3b,7,qwen25_vl_3b__chart__student,qwen25_vl_3b__chart__student,True,-1.110497778804141
model_032,model,chart,student,chart_student,qwen25_vl_7b,3,qwen25_vl_7b__chart__student,qwen25_vl_7b__chart__student,True,-1.483816574432855
model_033,model,chart,student,chart_student,qwen25_vl_7b,5,qwen25_vl_7b__chart__student,qwen35_4b__text__normal,False,-1.0006824651309563
model_034,model,chart,student,chart_student,qwen25_vl_7b,6,qwen25_vl_7b__chart__student,qwen25_vl_7b__chart__student,True,-1.516778875665504
model_035,model,chart,student,chart_student,qwen25_vl_7b,3,qwen25_vl_7b__chart__student,qwen25_vl_3b__chart__normal,False,-0.991498731694256
model_036,model,chart,student,chart_student,qwen25_vl_7b,4,qwen25_vl_7b__chart__student,qwen25_vl_3b__chart__student,False,-1.1341275414385679
model_037,model,chart,student,chart_student,qwen25_vl_3b,11,qwen25_vl_3b__chart__student,qwen25_vl_3b__chart__student,True,-1.2856467358776458
model_038,model,simulation,normal,simulation_normal,qwen25_vl_7b,7,qwen25_vl_7b__simulation__normal,qwen25_vl_3b__simulation__normal,False,-0.5763884893132004
model_039,model,simulation,normal,simulation_normal,qwen25_vl_3b,8,qwen25_vl_3b__simulation__normal,qwen25_vl_3b__simulation__normal,True,-0.7580033755469652
model_040,model,simulation,normal,simulation_normal,qwen25_vl_7b,3,qwen25_vl_7b__simulation__normal,qwen25_vl_3b__chart__normal,False,-0.991498731694256
model_041,model,simulation,normal,simulation_normal,qwen25_vl_7b,9,qwen25_vl_7b__simulation__normal,qwen35_9b__text__normal,False,-1.024651981646465
model_042,model,simulation,normal,simulation_normal,qwen25_vl_3b,29,qwen25_vl_3b__simulation__normal,qwen25_vl_3b__simulation__normal,True,-0.6600043582962087
model_043,model,simulation,normal,simulation_normal,qwen25_vl_7b,14,qwen25_vl_7b__simulation__normal,qwen25_vl_3b__simulation__normal,False,-1.3886617931748206
model_044,model,simulation,normal,simulation_normal,qwen25_vl_3b,12,qwen25_vl_3b__simulation__normal,qwen25_vl_7b__simulation__normal,False,-0.8848877986711904
model_045,model,simulation,normal,simulation_normal,qwen25_vl_7b,4,qwen25_vl_7b__simulation__normal,qwen25_vl_7b__simulation__normal,True,-0.8502824580883839
model_046,model,simulation,normal,simulation_normal,qwen25_vl_7b,10,qwen25_vl_7b__simulation__normal,qwen25_vl_7b__simulation__normal,True,-1.2786475934498238
model_047,model,simulation,normal,simulation_normal,qwen25_vl_3b,6,qwen25_vl_3b__simulation__normal,qwen35_4b__text__normal,False,-0.9069972709182048
model_048,model,simulation,normal,simulation_normal,qwen25_vl_7b,15,qwen25_vl_7b__simulation__normal,qwen25_vl_7b__simulation__normal,True,-1.2460163770363217
model_049,model,simulation,normal,simulation_normal,qwen25_vl_3b,5,qwen25_vl_3b__simulation__normal,qwen25_vl_3b__simulation__normal,True,-0.7480816580847776
model_050,model,simulation,normal,simulation_normal,qwen25_vl_3b,47,qwen25_vl_3b__simulation__normal,qwen25_vl_3b__simulation__normal,True,-0.7052287978200715
model_051,model,simulation,normal,simulation_normal,qwen25_vl_3b,23,qwen25_vl_3b__simulation__normal,qwen25_vl_3b__simulation__normal,True,-1.175248300680059
model_052,model,simulation,normal,simulation_normal,qwen25_vl_7b,6,qwen25_vl_7b__simulation__normal,qwen35_9b__text__normal,False,-1.4844342810646856
model_053,model,simulation,normal,simulation_normal,qwen25_vl_7b,10,qwen25_vl_7b__simulation__normal,qwen35_9b__text__normal,False,-1.1388645464666713
model_054,model,simulation,normal,simulation_normal,qwen25_vl_3b,25,qwen25_vl_3b__simulation__normal,qwen25_vl_3b__simulation__normal,True,-0.7724463891920077
model_055,model,simulation,normal,simulation_normal,qwen25_vl_3b,6,qwen25_vl_3b__simulation__normal,qwen25_vl_3b__simulation__normal,True,-0.6457644078706952
model_056,model,simulation,normal,simulation_normal,qwen25_vl_7b,44,qwen25_vl_7b__simulation__normal,qwen25_vl_7b__simulation__normal,True,-1.3261873735563474
model_057,model,chart,normal,chart_normal,qwen25_vl_7b,14,qwen25_vl_7b__chart__normal,qwen25_vl_7b__chart__normal,True,-1.9501214136925902
model_058,model,chart,normal,chart_normal,qwen25_vl_3b,5,qwen25_vl_3b__chart__normal,qwen25_vl_3b__simulation__normal,False,-0.7480816580847776
model_059,model,chart,normal,chart_normal,qwen25_vl_7b,5,qwen25_vl_7b__chart__normal,qwen35_4b__text__normal,False,-1.0858880103058781
model_060,model,chart,normal,chart_normal,qwen25_vl_3b,4,qwen25_vl_3b__chart__normal,qwen35_4b__text__normal,False,-0.8523654301967396
model_061,model,chart,normal,chart_normal,qwen25_vl_3b,34,qwen25_vl_3b__chart__normal,qwen25_vl_3b__chart__normal,True,-1.3783948045303445
model_062,model,chart,normal,chart_normal,qwen25_vl_3b,9,qwen25_vl_3b__chart__normal,qwen25_vl_3b__simulation__normal,False,-0.4874881606485561
model_063,model,chart,normal,chart_normal,qwen25_vl_3b,3,qwen25_vl_3b__chart__normal,qwen25_vl_3b__chart__student,False,-1.6525459540661052
model_064,model,chart,normal,chart_normal,qwen25_vl_7b,11,qwen25_vl_7b__chart__normal,qwen25_vl_7b__chart__normal,True,-1.3610004408706884
model_065,model,chart,normal,chart_normal,qwen25_vl_3b,28,qwen25_vl_3b__chart__normal,qwen25_vl_3b__chart__normal,True,-0.9471037718746125
model_066,model,chart,normal,chart_normal,qwen25_vl_7b,10,qwen25_vl_7b__chart__normal,qwen25_vl_7b__chart__normal,True,-1.3168525972985916
model_067,model,chart,normal,chart_normal,qwen25_vl_7b,5,qwen25_vl_7b__chart__normal,qwen25_vl_3b__chart__student,False,-1.0656247686759357
model_068,model,chart,normal,chart_normal,qwen25_vl_7b,5,qwen25_vl_7b__chart__normal,qwen35_9b__text__normal,False,-1.5035438390955709
model_069,model,chart,normal,chart_normal,qwen25_vl_3b,29,qwen25_vl_3b__chart__normal,qwen25_vl_3b__chart__normal,True,-1.1245058029939357
model_070,model,chart,normal,chart_normal,qwen25_vl_3b,10,qwen25_vl_3b__chart__normal,qwen25_vl_7b__simulation__normal,False,-1.2699629275059383
model_071,model,chart,normal,chart_normal,qwen25_vl_7b,7,qwen25_vl_7b__chart__normal,qwen25_vl_7b__chart__normal,True,-2.0599418625682584
model_072,model,chart,normal,chart_normal,qwen25_vl_7b,12,qwen25_vl_7b__chart__normal,qwen25_vl_7b__chart__normal,True,-1.257632095760983
model_073,model,chart,normal,chart_normal,qwen25_vl_3b,9,qwen25_vl_3b__chart__normal,qwen25_vl_3b__simulation__normal,False,-0.6242445840755109
model_074,model,chart,normal,chart_normal,qwen25_vl_7b,5,qwen25_vl_7b__chart__normal,qwen25_vl_7b__chart__normal,True,-1.6653241822431568
model_075,model,chart,normal,chart_normal,qwen25_vl_7b,20,qwen25_vl_7b__chart__normal,qwen25_vl_7b__chart__normal,True,-1.4086566613520106
model_076,model,text,normal,text_normal,qwen35_9b,11,qwen35_9b__text__normal,qwen35_9b__text__normal,True,-1.5635729762054211
model_077,model,text,normal,text_normal,qwen35_9b,12,qwen35_9b__text__normal,qwen35_9b__text__normal,True,-1.198134526156123
model_078,model,text,normal,text_normal,qwen35_4b,6,qwen35_4b__text__normal,qwen35_4b__text__normal,True,-1.1705650518209492
model_079,model,text,normal,text_normal,qwen35_9b,5,qwen35_9b__text__normal,qwen35_4b__text__normal,False,-0.9739825911906331
model_080,model,text,normal,text_normal,qwen35_9b,7,qwen35_9b__text__normal,qwen35_9b__text__normal,True,-1.0967444494532625
model_081,model,text,normal,text_normal,qwen35_9b,6,qwen35_9b__text__normal,qwen35_9b__text__normal,True,-1.254060571426793
model_082,model,text,normal,text_normal,qwen35_4b,5,qwen35_4b__text__normal,qwen35_4b__text__normal,True,-0.9739824767426603
model_083,model,text,normal,text_normal,qwen35_9b,10,qwen35_9b__text__normal,qwen35_9b__text__normal,True,-1.1796507814523585
model_084,model,text,normal,text_normal,qwen35_9b,18,qwen35_9b__text__normal,qwen35_9b__text__normal,True,-0.9510608793159236
model_085,model,text,normal,text_normal,qwen35_4b,11,qwen35_4b__text__normal,qwen35_4b__text__normal,True,-1.5451524596679536
model_086,model,text,normal,text_normal,qwen35_9b,11,qwen35_9b__text__normal,qwen35_9b__text__normal,True,-1.0165514491388141
model_087,model,text,normal,text_normal,qwen35_9b,7,qwen35_9b__text__normal,qwen35_4b__text__student,False,-1.618781612053995
model_088,model,text,normal,text_normal,qwen35_4b,4,qwen35_4b__text__normal,qwen35_4b__text__normal,True,-0.8189906741392152
model_089,model,text,normal,text_normal,qwen35_4b,4,qwen35_4b__text__normal,qwen35_4b__text__normal,True,-1.3682935763786142
model_090,model,text,normal,text_normal,qwen35_4b,5,qwen35_4b__text__normal,qwen35_4b__text__normal,True,-0.9739825911906331
model_091,model,text,normal,text_normal,qwen35_4b,5,qwen35_4b__text__normal,qwen35_4b__text__normal,True,-0.9739825911906331
model_092,model,text,normal,text_normal,qwen35_4b,7,qwen35_4b__text__normal,qwen35_4b__text__normal,True,-1.0051334121300164
model_093,model,text,normal,text_normal,qwen35_4b,5,qwen35_4b__text__normal,qwen35_4b__text__normal,True,-0.9739825911906331
model_094,model,text,normal,text_normal,qwen35_4b,7,qwen35_4b__text__normal,qwen35_4b__text__student,False,-1.2943879250745989
model_095,model,text,normal,text_normal,qwen35_9b,5,qwen35_9b__text__normal,qwen35_4b__text__normal,False,-0.9739825911906331
model_096,model,text,student,text_student,qwen35_4b,11,qwen35_4b__text__student,qwen35_4b__text__student,True,-1.5228246987654221
model_097,model,text,student,text_student,qwen35_4b,6,qwen35_4b__text__student,qwen35_4b__text__student,True,-1.205410903546032
model_098,model,text,student,text_student,qwen35_4b,6,qwen35_4b__text__student,qwen35_4b__text__student,True,-1.2054108608477407
model_099,model,text,student,text_student,qwen35_9b,6,qwen35_9b__text__student,qwen35_4b__text__student,False,-1.2054108608477407
model_100,model,text,student,text_student,qwen35_4b,15,qwen35_4b__text__student,qwen35_4b__text__student,True,-1.8149453643618538
model_101,model,text,student,text_student,qwen35_9b,7,qwen35_9b__text__student,qwen35_4b__text__student,False,-1.2943879250745989
model_102,model,text,student,text_student,qwen35_4b,9,qwen35_4b__text__student,qwen35_4b__text__student,True,-1.4183843169118513
model_103,model,text,student,text_student,qwen35_9b,7,qwen35_9b__text__student,qwen35_4b__text__student,False,-1.2943879250745989
model_104,model,text,student,text_student,qwen35_4b,7,qwen35_4b__text__student,qwen35_4b__text__student,True,-1.2573766052430653
model_105,model,text,student,text_student,qwen35_9b,10,qwen35_9b__text__student,qwen35_9b__text__student,True,-1.814695159007313
model_106,model,text,student,text_student,qwen35_9b,7,qwen35_9b__text__student,qwen35_4b__text__student,False,-1.2943880470737832
model_107,model,text,student,text_student,qwen35_4b,11,qwen35_4b__text__student,qwen35_4b__text__student,True,-1.5051341060962438
model_108,model,text,student,text_student,qwen35_4b,8,qwen35_4b__text__student,qwen35_4b__text__student,True,-1.4310036625043692
model_109,model,text,student,text_student,qwen35_9b,12,qwen35_9b__text__student,qwen35_9b__text__student,True,-1.8505561760205325
model_110,model,text,student,text_student,qwen35_4b,7,qwen35_4b__text__student,qwen35_4b__text__student,True,-1.2943879250745989
model_111,model,text,student,text_student,qwen35_9b,35,qwen35_9b__text__student,qwen35_9b__text__student,True,-1.740721048985453
model_112,model,text,student,text_student,qwen35_4b,7,qwen35_4b__text__student,qwen35_4b__text__student,True,-1.2943879250745989
model_113,model,text,student,text_student,qwen35_9b,9,qwen35_9b__text__student,qwen35_9b__text__student,True,-1.5205605491582834
model_114,model,text,student,text_student,qwen35_9b,7,qwen35_9b__text__student,qwen35_4b__text__student,False,-1.618781612053995
model_115,model,text,student,text_student,qwen35_9b,9,qwen35_9b__text__student,qwen35_9b__text__student,True,-1.4172446620894588
