"case_id","source_dir","modality","formula","setup","model","run_name","episode_path","failed_step","parse_error_message","raw_output_available","raw_output_len","cleaned_output_available","cleaned_output_len","image_paths_available","has_image_error","image_error_count","final_equation","finish_reached","forced_finish","diagnosed_error_type","notes"
"1","wandb_downloads_image_only","Simulation-only","kinematics","abstract","model_qwen25_vl_3b","image_only_kinematics_abstract_model_qwen25_vl_3b","wandb_downloads_image_only/scientific-exploration-increase-image-only-/artifacts/episode-image_only_kinematics_abstract_model_qwen25_vl_3b-03_latest","3","[json_decode] model output is not valid JSON (error: Expecting ',' delimiter at pos 195): '{\\n  ""reasoning"": ""Observing the bar chart, it appears that the height of the orange bar (Y) is consistently higher than the blue bars (A and B), suggesting a direct proportional relationship.""\\n  ""step_type","True","302","False","0","True","False","0","","False","False","missing_comma","Model omitted comma between JSON fields (e.g. after 'reasoning' value). Not fixable by _repair(). Relies on max_parse_retries for re-generation. [Old-style log: only ~302-char snippet from parse_error field.]"
"2","wandb_downloads_image_only","Simulation-only","beers","abbrev","model_qwen25_vl_3b","image_only_beers_abbrev_model_qwen25_vl_3b","wandb_downloads_image_only/scientific-exploration-increase-image-only-/artifacts/episode-image_only_beers_abbrev_model_qwen25_vl_3b-04_latest","2","finish step must provide either final_equation (formula_discovery) or finish_reason (student_simulation)","False","0","False","0","True","False","0","","False","False","finish_schema_error","Model emitted step_type='finish' but provided neither final_equation nor finish_reason. Relies on max_parse_retries for re-generation. [Old-style log: no raw output preserved.]"
"3","wandb_downloads_image_only","Simulation-only","kinematics","abbrev","model_qwen25_vl_7b","image_only_kinematics_abbrev_model_qwen25_vl_7b","wandb_downloads_image_only/scientific-exploration-increase-image-only-/artifacts/episode-image_only_kinematics_abbrev_model_qwen25_vl_7b-00_latest","0","[json_decode] model output is not valid JSON (error: Invalid \escape at pos 64): '{\\n  ""reasoning"": ""The orange bar represents the target variable \\( x \\), while the blue bars represent input variables \\( x_0 \\) and \\( v \\). The height of the orange bar is significantly higher than both blue ","True","310","False","0","True","False","0","","False","False","latex_backslash_escape","Model used LaTeX notation in JSON string (e.g. \<LaTeX>). Fixed by _repair() invalid-escape step (post-fix). Prompt rule 'no LaTeX' also added. [Old-style log: only ~310-char snippet from parse_error field.]"
"4","wandb_downloads_text_image_chart_only_action_text","Text+image","beers","concrete","model_qwen25_vl_3b","chart_only_beers_concrete_model_qwen25_vl_3b","wandb_downloads_text_image_chart_only_action_text/scientific-exploration-increase-text-image-chart-only-action-text/artifacts/episode-chart_only_beers_concrete_model_qwen25_vl_3b-09_latest","11","[schema] 'action.variable' is required when action is provided","False","0","False","0","True","False","0","","False","False","action_schema_error","Model emitted an action object without the required 'variable' field. [Old-style log: no raw output preserved.]"
"5","wandb_downloads_text_image_chart_only_action_text","Text+image","ohm","abstract","model_qwen25_vl_3b","chart_only_ohm_abstract_model_qwen25_vl_3b","wandb_downloads_text_image_chart_only_action_text/scientific-exploration-increase-text-image-chart-only-action-text/artifacts/episode-chart_only_ohm_abstract_model_qwen25_vl_3b-04_latest","0","[json_decode] model output is not valid JSON (error: Expecting ',' delimiter at pos 159): '{\\n  ""reasoning"": ""Observing the bar chart, the orange bar appears significantly taller than the blue bars, suggesting a strong correlation between Y and B.""\\n  ""step_type"": ""action"",\\n  ""action"": {\\n    ""","True","266","False","0","True","False","0","","False","False","missing_comma","Model omitted comma between JSON fields (e.g. after 'reasoning' value). Not fixable by _repair(). Relies on max_parse_retries for re-generation. [Old-style log: only ~266-char snippet from parse_error field.]"
"6","wandb_downloads_text_image_chart_only2","Chart-only","distance","concrete","model_qwen25_vl_3b","chart_only_no_action_distance_concrete_model_qwen25_vl_3b","wandb_downloads_text_image_chart_only2/scientific-exploration-increase-text-image-chart-only2/artifacts/episode-chart_only_no_action_distance_concrete_model_qwen25_vl_3b-07_latest","3","finish step must provide either final_equation (formula_discovery) or finish_reason (student_simulation)","False","0","False","0","True","False","0","","False","False","finish_schema_error","Model emitted step_type='finish' but provided neither final_equation nor finish_reason. Relies on max_parse_retries for re-generation. [Old-style log: no raw output preserved.]"
"7","wandb_downloads_text_image_chart_only2","Chart-only","kinematics","abbrev","model_qwen25_vl_7b","chart_only_no_action_kinematics_abbrev_model_qwen25_vl_7b","wandb_downloads_text_image_chart_only2/scientific-exploration-increase-text-image-chart-only2/artifacts/episode-chart_only_no_action_kinematics_abbrev_model_qwen25_vl_7b-05_latest","0","[json_decode] model output is not valid JSON (error: Invalid \escape at pos 64): '{\\n  ""reasoning"": ""The orange bar represents the target variable \\( x \\), which appears to be significantly higher than the blue bars representing \\( x_0 \\) and \\( v \\). Given the scale, it\'s likely that \\( x ","True","315","False","0","True","False","0","","False","False","latex_backslash_escape","Model used LaTeX notation in JSON string (e.g. \<LaTeX>). Fixed by _repair() invalid-escape step (post-fix). Prompt rule 'no LaTeX' also added. [Old-style log: only ~315-char snippet from parse_error field.]"
"8","wandb_downloads_text_image_chart_only2","Chart-only","beers","concrete","model_qwen25_vl_3b","chart_only_no_action_beers_concrete_model_qwen25_vl_3b","wandb_downloads_text_image_chart_only2/scientific-exploration-increase-text-image-chart-only2/artifacts/episode-chart_only_no_action_beers_concrete_model_qwen25_vl_3b-08_latest","7","[json_decode] model output is not valid JSON (error: Expecting ',' delimiter at pos 170): '{\\n  ""reasoning"": ""Observing the bar chart, I notice that the absorbance (orange bar) increases as both concentration (blue bars) and path length (blue bars) increase.""\\n  ""step_type"": ""action"",\\n  ""action""","True","287","False","0","True","False","0","","False","False","missing_comma","Model omitted comma between JSON fields (e.g. after 'reasoning' value). Not fixable by _repair(). Relies on max_parse_retries for re-generation. [Old-style log: only ~287-char snippet from parse_error field.]"
"9","wandb_downloads_text_image_chart_only2","Chart-only","beers","abbrev","model_qwen25_vl_3b","chart_only_no_action_beers_abbrev_model_qwen25_vl_3b","wandb_downloads_text_image_chart_only2/scientific-exploration-increase-text-image-chart-only2/artifacts/episode-chart_only_no_action_beers_abbrev_model_qwen25_vl_3b-03_latest","6","[json_decode] model output is not valid JSON (error: Expecting ',' delimiter at pos 252): '{\\n  ""reasoning"": ""Observing the bar chart, I notice that the orange bar, which represents variable A, is significantly taller than the blue bars representing variables epsilon and c. This suggests that A is ","True","308","False","0","True","False","0","","False","False","missing_comma","Model omitted comma between JSON fields (e.g. after 'reasoning' value). Not fixable by _repair(). Relies on max_parse_retries for re-generation. [Old-style log: only ~308-char snippet from parse_error field.]"
"10","wandb_downloads_text_image_chart_only2","Chart-only","kinematics","abbrev","model_qwen25_vl_7b","chart_only_no_action_kinematics_abbrev_model_qwen25_vl_7b","wandb_downloads_text_image_chart_only2/scientific-exploration-increase-text-image-chart-only2/artifacts/episode-chart_only_no_action_kinematics_abbrev_model_qwen25_vl_7b-09_latest","0","[json_decode] model output is not valid JSON (error: Invalid \escape at pos 64): '{\\n  ""reasoning"": ""The orange bar represents the target variable \\( x \\), while the blue bars represent the input variables \\( v \\) and \\( t \\). Observing the bar chart, it seems there is a direct relationship w","True","315","False","0","True","False","0","","False","False","latex_backslash_escape","Model used LaTeX notation in JSON string (e.g. \<LaTeX>). Fixed by _repair() invalid-escape step (post-fix). Prompt rule 'no LaTeX' also added. [Old-style log: only ~315-char snippet from parse_error field.]"
"11","wandb_downloads_text_image_chart_only2","Chart-only","beers","abbrev","model_qwen25_vl_3b","chart_only_no_action_beers_abbrev_model_qwen25_vl_3b","wandb_downloads_text_image_chart_only2/scientific-exploration-increase-text-image-chart-only2/artifacts/episode-chart_only_no_action_beers_abbrev_model_qwen25_vl_3b-06_latest","2","[json_decode] model output is not valid JSON (error: Invalid \escape at pos 285): '{\\n  ""reasoning"": ""Observing the bar chart, it appears that as epsilon increases, A also increases, while both c and l decrease. This suggests a relationship where A depends on epsilon and inversely on both c and l.""","True","310","False","0","True","False","0","","False","False","latex_backslash_escape","Model used LaTeX notation in JSON string (e.g. \\epsilon). Fixed by _repair() invalid-escape step (post-fix). Prompt rule 'no LaTeX' also added. [Old-style log: only ~310-char snippet from parse_error field.]"
"12","wandb_downloads_text_only","Text-only","ohm","abstract","model_mistral_7b","text_only_ohm_abstract_model_mistral_7b","wandb_downloads_text_only/scientific-exploration-increase-text-only/artifacts/episode-text_only_ohm_abstract_model_mistral_7b-06_latest","11","[json_decode] model output is not valid JSON (error: Expecting ',' delimiter at pos 434): '{\\n  ""reasoning"": ""Given the observations, it\'s clear that Y is a constant multiple of B. To find the value of the constant, let\'s keep increasing B and observe the change in Y until we have enough evidence","True","304","False","0","False","False","0","Y = B","True","True","missing_comma","Model omitted comma between JSON fields (e.g. after 'reasoning' value). Not fixable by _repair(). Relies on max_parse_retries for re-generation. [Old-style log: only ~304-char snippet from parse_error field.]"
"13","wandb_downloads_text_only","Text-only","distance","abstract","model_mistral_7b","text_only_distance_abstract_model_mistral_7b","wandb_downloads_text_only/scientific-exploration-increase-text-only/artifacts/episode-text_only_distance_abstract_model_mistral_7b-00_latest","4","[json_decode] model output is not valid JSON (error: Expecting ',' delimiter at pos 231): '{\\n  ""reasoning"": ""Y remains constant when decreasing C, confirming that it\'s in a simple sum relationship with A and B. No further exploration needed."",\\n  ""step_type"": ""finish"",\\n  ""action"": null,\\n  ""f","True","240","False","0","False","False","0","Y = A + B + C","True","True","missing_comma","Model omitted comma between JSON fields (e.g. after 'reasoning' value). Not fixable by _repair(). Relies on max_parse_retries for re-generation. [Old-style log: only ~240-char snippet from parse_error field.]"
"14","wandb_downloads_text_only","Text-only","ohm","abstract","model_mistral_7b","text_only_ohm_abstract_model_mistral_7b","wandb_downloads_text_only/scientific-exploration-increase-text-only/artifacts/episode-text_only_ohm_abstract_model_mistral_7b-09_latest","5","[schema] 'action' must be provided when step_type='action'","False","0","False","0","False","False","0","Y = A * B","True","True","missing_required_field","Mismatch between step_type and action field presence. [Old-style log: no raw output preserved.]"
"15","wandb_downloads_text_only","Text-only","kinematics","abstract","model_qwen35_9b","text_only_kinematics_abstract_model_qwen35_9b","wandb_downloads_text_only/scientific-exploration-increase-text-only/artifacts/episode-text_only_kinematics_abstract_model_qwen35_9b-02_latest","3","[json_decode] model output is not valid JSON (error: Unterminated string starting at at pos 17): '{\\n  ""reasoning"": ""From Step 0, increasing A from 10 to 15 (delta +5) increased Y from 20 to 25 (delta +5), suggesting a coefficient of 1 for A. From Step 1, increasing B from 5 to 6 (delta +1) increas","True","302","False","0","False","False","0","Y = (A * C + B * C) / C","True","True","invalid_json_general","Model output was truncated mid-string (likely max_new_tokens exhausted during reasoning). Increase max_new_tokens or use a shorter reasoning prompt. [Old-style log: only ~302-char snippet from parse_error field.]"
"16","wandb_downloads_text_only","Text-only","kinematics","abstract","model_qwen35_4b","text_only_kinematics_abstract_model_qwen35_4b","wandb_downloads_text_only/scientific-exploration-increase-text-only/artifacts/episode-text_only_kinematics_abstract_model_qwen35_4b-05_latest","3","[json_decode] model output is not valid JSON (error: Expecting ',' delimiter at pos 1447): '{\\n  ""reasoning"": ""Re-evaluating the data points: Step 0 (A=10, B=5, C=2, Y=20) and Step 1 (A=10, B=6, C=2, Y=22). The change in B from 5 to 6 caused Y to change from 20 to 22. This is a difference of +2 in ","True","302","False","0","False","False","0","Y = A + B + B","True","True","missing_comma","Model omitted comma between JSON fields (e.g. after 'reasoning' value). Not fixable by _repair(). Relies on max_parse_retries for re-generation. [Old-style log: only ~302-char snippet from parse_error field.]"
"17","wandb_downloads_text_only","Text-only","mass","abstract","model_mistral_7b","text_only_mass_abstract_model_mistral_7b","wandb_downloads_text_only/scientific-exploration-increase-text-only/artifacts/episode-text_only_mass_abstract_model_mistral_7b-04_latest","4","[json_decode] model output is not valid JSON (error: Expecting ',' delimiter at pos 253): '{\\n  ""reasoning"": ""Y seems to be directly proportional to B and inversely proportional to A. Since we have confirmed these relationships, we can now find the final equation."",\\n  ""step_type"": ""finish"",\\n  ""","True","261","False","0","False","False","0","Y = B / A","True","True","missing_comma","Model omitted comma between JSON fields (e.g. after 'reasoning' value). Not fixable by _repair(). Relies on max_parse_retries for re-generation. [Old-style log: only ~261-char snippet from parse_error field.]"
"18","wandb_downloads_text_only","Text-only","kinematics","abstract","model_qwen35_4b","text_only_kinematics_abstract_model_qwen35_4b","wandb_downloads_text_only/scientific-exploration-increase-text-only/artifacts/episode-text_only_kinematics_abstract_model_qwen35_4b-06_latest","2","[json_decode] model output is not valid JSON (error: Unterminated string starting at at pos 17): '{\\n  ""reasoning"": ""Current state: A=10, B=6, C=3, Y=28. Previous state (Step 1): A=10, B=5, C=3, Y=25. When B increased by 1 (from 5 to 6), Y increased by 3 (from 25 to 28). This suggests a coefficient","True","303","False","0","False","False","0","Y = A + B + 5*C","True","True","invalid_json_general","Model output was truncated mid-string (likely max_new_tokens exhausted during reasoning). Increase max_new_tokens or use a shorter reasoning prompt. [Old-style log: only ~303-char snippet from parse_error field.]"
"19","wandb_downloads_text_only","Text-only","kinematics","abstract","model_qwen35_9b","text_only_kinematics_abstract_model_qwen35_9b","wandb_downloads_text_only/scientific-exploration-increase-text-only/artifacts/episode-text_only_kinematics_abstract_model_qwen35_9b-08_latest","3","[json_decode] model output is not valid JSON (error: Unterminated string starting at at pos 17): '{\\n  ""reasoning"": ""From Step 0 to Step 1, increasing A by 5 increased Y by 5, suggesting a coefficient of 1 for A. From Step 1 to Step 2, increasing B by 1 increased Y by 6 (from 27 to 33), which contr","True","303","False","0","False","False","0","Y = A + B * C","True","True","invalid_json_general","Model output was truncated mid-string (likely max_new_tokens exhausted during reasoning). Increase max_new_tokens or use a shorter reasoning prompt. [Old-style log: only ~303-char snippet from parse_error field.]"
"20","wandb_downloads_text_only","Text-only","beers","abbrev","model_mistral_7b","text_only_beers_abbrev_model_mistral_7b","wandb_downloads_text_only/scientific-exploration-increase-text-only/artifacts/episode-text_only_beers_abbrev_model_mistral_7b-00_latest","3","[json_decode] model output is not valid JSON (error: Expecting ',' delimiter at pos 308): '{\\n  ""reasoning"": ""Decreasing both \'c\' and \'epsilon\' to the original values confirms that \'A\' is indeed squared when multiplied by \'c\' and \'epsilon\'. We can now predict the value of \'A\' given new ","True","324","False","0","False","False","0","A = c * c * epsilon * l","True","True","missing_comma","Model omitted comma between JSON fields (e.g. after 'reasoning' value). Not fixable by _repair(). Relies on max_parse_retries for re-generation. [Old-style log: only ~324-char snippet from parse_error field.]"
"21","wandb_downloads_text_only","Text-only","mass","abbrev","model_mistral_7b","text_only_mass_abbrev_model_mistral_7b","wandb_downloads_text_only/scientific-exploration-increase-text-only/artifacts/episode-text_only_mass_abbrev_model_mistral_7b-06_latest","3","[json_decode] model output is not valid JSON (error: Expecting ',' delimiter at pos 251): '{\\n  ""reasoning"": ""The linear relationship between m and V has been confirmed. No further exploration is needed. Let\'s summarize the relationship using the equation m = k * V."",\\n  ""step_type"": ""finish"",\\n","True","260","False","0","False","False","0","m = rho * V","True","True","missing_comma","Model omitted comma between JSON fields (e.g. after 'reasoning' value). Not fixable by _repair(). Relies on max_parse_retries for re-generation. [Old-style log: only ~260-char snippet from parse_error field.]"
"22","wandb_downloads_text_only","Text-only","mass","abstract","model_mistral_7b","text_only_mass_abstract_model_mistral_7b","wandb_downloads_text_only/scientific-exploration-increase-text-only/artifacts/episode-text_only_mass_abstract_model_mistral_7b-09_latest","5","[json_decode] model output is not valid JSON (error: Expecting ',' delimiter at pos 280): '{\\n  ""reasoning"": ""The current observation indicates that Y is directly proportional to A, with no observable effect of B on Y. Since we have enough evidence to support this, let\'s submit the final equation.","True","289","False","0","False","False","0","Y = A * B","True","True","missing_comma","Model omitted comma between JSON fields (e.g. after 'reasoning' value). Not fixable by _repair(). Relies on max_parse_retries for re-generation. [Old-style log: only ~289-char snippet from parse_error field.]"
"23","wandb_downloads_text_only","Text-only","resistors","abbrev","model_mistral_7b","text_only_resistors_abbrev_model_mistral_7b","wandb_downloads_text_only/scientific-exploration-increase-text-only/artifacts/episode-text_only_resistors_abbrev_model_mistral_7b-02_latest","7","[json_decode] model output is not valid JSON (error: Expecting ',' delimiter at pos 273): '{\\n  ""reasoning"": ""The relationship between Rt, R1, and R2 appears to be linear and directly proportional to R1. R2 does not seem to have an impact on Rt. We can now conclude the equation for Rt."",\\n  ""step_","True","281","False","0","False","False","0","Rt = R1","True","True","missing_comma","Model omitted comma between JSON fields (e.g. after 'reasoning' value). Not fixable by _repair(). Relies on max_parse_retries for re-generation. [Old-style log: only ~281-char snippet from parse_error field.]"
"24","wandb_downloads_text_only","Text-only","mass","abstract","model_mistral_7b","text_only_mass_abstract_model_mistral_7b","wandb_downloads_text_only/scientific-exploration-increase-text-only/artifacts/episode-text_only_mass_abstract_model_mistral_7b-07_latest","8","[json_decode] model output is not valid JSON (error: Expecting ',' delimiter at pos 290): '{\\n  ""reasoning"": ""With the current observations, we have established a linear relationship between A and Y, and a constant relationship between B and Y. The slope and y-intercept can now be deduced. Y = aA +","True","298","False","0","False","False","0","Y = 2A + 10","True","True","missing_comma","Model omitted comma between JSON fields (e.g. after 'reasoning' value). Not fixable by _repair(). Relies on max_parse_retries for re-generation. [Old-style log: only ~298-char snippet from parse_error field.]"
"25","wandb_downloads_text_only","Text-only","ohm","concrete","model_mistral_7b","text_only_ohm_concrete_model_mistral_7b","wandb_downloads_text_only/scientific-exploration-increase-text-only/artifacts/episode-text_only_ohm_concrete_model_mistral_7b-01_latest","6","[json_decode] model output is not valid JSON (error: Expecting ',' delimiter at pos 281): '{\\n  ""reasoning"": ""We have observed that the voltage changes proportionally with the current and resistance, as expected from the Ohm\'s Law (V = I * R). No further tests are needed to confirm the equation."",","True","290","False","0","False","False","0","voltage = current * resistance","True","True","missing_comma","Model omitted comma between JSON fields (e.g. after 'reasoning' value). Not fixable by _repair(). Relies on max_parse_retries for re-generation. [Old-style log: only ~290-char snippet from parse_error field.]"
"26","wandb_downloads_text_only","Text-only","ohm","concrete","model_mistral_7b","text_only_ohm_concrete_model_mistral_7b","wandb_downloads_text_only/scientific-exploration-increase-text-only/artifacts/episode-text_only_ohm_concrete_model_mistral_7b-08_latest","8","[json_decode] model output is not valid JSON (error: Expecting ',' delimiter at pos 302): '{\\n  ""reasoning"": ""The given observations show a linear relationship between current and voltage (V=k*I), and we have found the constant of proportionality (k) by increasing the resistance. Now we can confirm","True","308","False","0","False","False","0","voltage = resistance * current","True","True","missing_comma","Model omitted comma between JSON fields (e.g. after 'reasoning' value). Not fixable by _repair(). Relies on max_parse_retries for re-generation. [Old-style log: only ~308-char snippet from parse_error field.]"
"27","wandb_downloads_text_only","Text-only","beers","abbrev","model_mistral_7b","text_only_beers_abbrev_model_mistral_7b","wandb_downloads_text_only/scientific-exploration-increase-text-only/artifacts/episode-text_only_beers_abbrev_model_mistral_7b-06_latest","6","[json_decode] model output is not valid JSON (error: Expecting ',' delimiter at pos 434): '{\\n  ""reasoning"": ""The variable \'A\' is directly proportional to \'l\' and does not seem to be affected by \'c\' or \'epsilon\'. Since there are no other variables available, we can infer that A is a linear ","True","310","False","0","False","False","0","A = l * (some constant)","True","True","missing_comma","Model omitted comma between JSON fields (e.g. after 'reasoning' value). Not fixable by _repair(). Relies on max_parse_retries for re-generation. [Old-style log: only ~310-char snippet from parse_error field.]"
"28","wandb_downloads_text_only","Text-only","ohm","abstract","model_mistral_7b","text_only_ohm_abstract_model_mistral_7b","wandb_downloads_text_only/scientific-exploration-increase-text-only/artifacts/episode-text_only_ohm_abstract_model_mistral_7b-04_latest","6","[json_decode] model output is not valid JSON (error: Expecting ',' delimiter at pos 375): '{\\n  ""reasoning"": ""We have established a linear relationship between Y and A with a slope of 10. However, there is no clear relationship between Y and B. Since we have exhausted all possibilities for explorin","True","304","False","0","False","False","0","Y = A * 10 + 0 * B","True","True","missing_comma","Model omitted comma between JSON fields (e.g. after 'reasoning' value). Not fixable by _repair(). Relies on max_parse_retries for re-generation. [Old-style log: only ~304-char snippet from parse_error field.]"
"29","wandb_downloads_text_only","Text-only","resistors","abbrev","model_mistral_7b","text_only_resistors_abbrev_model_mistral_7b","wandb_downloads_text_only/scientific-exploration-increase-text-only/artifacts/episode-text_only_resistors_abbrev_model_mistral_7b-00_latest","3","[json_decode] model output is not valid JSON (error: Expecting ',' delimiter at pos 258): '{\\n  ""reasoning"": ""The relationship between R1, R2, and Rt is consistent with Rt = R1 + R2. No further observations are needed to confirm this. Therefore, I will finish exploring."",\\n  ""step_type"": ""finish"",","True","266","False","0","False","False","0","Rt = R1 + R2","True","True","missing_comma","Model omitted comma between JSON fields (e.g. after 'reasoning' value). Not fixable by _repair(). Relies on max_parse_retries for re-generation. [Old-style log: only ~266-char snippet from parse_error field.]"
"30","wandb_downloads_text_only","Text-only","kinematics","abstract","model_mistral_7b","text_only_kinematics_abstract_model_mistral_7b","wandb_downloads_text_only/scientific-exploration-increase-text-only/artifacts/episode-text_only_kinematics_abstract_model_mistral_7b-02_latest","8","[json_decode] model output is not valid JSON (error: Expecting ',' delimiter at pos 347): '{\\n  ""reasoning"": ""We have found a strong relationship between Y, A, B, and C. Based on the observations, we can infer that Y = aA - bC + cB for some constants a, b, and c. To find the best-fitting equation t","True","307","False","0","False","False","0","Y = A + C - B","True","True","missing_comma","Model omitted comma between JSON fields (e.g. after 'reasoning' value). Not fixable by _repair(). Relies on max_parse_retries for re-generation. [Old-style log: only ~307-char snippet from parse_error field.]"
"31","wandb_downloads_text_only","Text-only","distance","abbrev","model_mistral_7b","text_only_distance_abbrev_model_mistral_7b","wandb_downloads_text_only/scientific-exploration-increase-text-only/artifacts/episode-text_only_distance_abbrev_model_mistral_7b-02_latest","4","[json_decode] model output is not valid JSON (error: Expecting ',' delimiter at pos 250): '{\\n  ""reasoning"": ""All tests confirm that the relationship between the variables is linear and symmetrical, and that d = d1 + d2 + d3. No further testing is necessary."",\\n  ""step_type"": ""finish"",\\n  ""action","True","258","False","0","False","False","0","d = d1 + d2 + d3","True","True","missing_comma","Model omitted comma between JSON fields (e.g. after 'reasoning' value). Not fixable by _repair(). Relies on max_parse_retries for re-generation. [Old-style log: only ~258-char snippet from parse_error field.]"
"32","wandb_downloads_text_only","Text-only","mass","abstract","model_mistral_7b","text_only_mass_abstract_model_mistral_7b","wandb_downloads_text_only/scientific-exploration-increase-text-only/artifacts/episode-text_only_mass_abstract_model_mistral_7b-01_latest","7","[json_decode] model output is not valid JSON (error: Expecting ',' delimiter at pos 263): '{\\n  ""reasoning"": ""Y appears to be directly proportional to A and independent of B. We have confirmed this through multiple observations. The final equation is Y = kA, where k is a constant."",\\n  ""step_type""","True","271","False","0","False","False","0","Y = A * B","True","True","missing_comma","Model omitted comma between JSON fields (e.g. after 'reasoning' value). Not fixable by _repair(). Relies on max_parse_retries for re-generation. [Old-style log: only ~271-char snippet from parse_error field.]"
"33","wandb_downloads_text_only","Text-only","kinematics","abstract","model_mistral_7b","text_only_kinematics_abstract_model_mistral_7b","wandb_downloads_text_only/scientific-exploration-increase-text-only/artifacts/episode-text_only_kinematics_abstract_model_mistral_7b-01_latest","3","[json_decode] model output is not valid JSON (error: Expecting ',' delimiter at pos 182): '{\\n  ""reasoning"": ""Y is now equal to A + C, confirming the relationship. No further exploration is needed."",\\n  ""step_type"": ""finish"",\\n  ""action"": null,\\n  ""final_equation"": ""Y = A + C""'","True","190","False","0","False","False","0","Y = A + C","True","True","missing_comma","Model omitted comma between JSON fields (e.g. after 'reasoning' value). Not fixable by _repair(). Relies on max_parse_retries for re-generation. [Old-style log: only ~190-char snippet from parse_error field.]"
"34","wandb_downloads_text_only","Text-only","beers","abstract","model_mistral_7b","text_only_beers_abstract_model_mistral_7b","wandb_downloads_text_only/scientific-exploration-increase-text-only/artifacts/episode-text_only_beers_abstract_model_mistral_7b-03_latest","12","[json_decode] model output is not valid JSON (error: Invalid \escape at pos 298): '{\\n  ""reasoning"": ""Final observation shows that Y is a linear function of C, A, and B squared. The relationship remains consistent as increasing C causes Y to increase by a constant factor. No further exploration is ","True","309","False","0","False","False","0","Y = A * B^2 + C","True","True","latex_backslash_escape","Model used LaTeX notation in JSON string (e.g. \<LaTeX>). Fixed by _repair() invalid-escape step (post-fix). Prompt rule 'no LaTeX' also added. [Old-style log: only ~309-char snippet from parse_error field.]"
"35","wandb_downloads_text_only","Text-only","kinematics","abstract","model_mistral_7b","text_only_kinematics_abstract_model_mistral_7b","wandb_downloads_text_only/scientific-exploration-increase-text-only/artifacts/episode-text_only_kinematics_abstract_model_mistral_7b-04_latest","12","[json_decode] model output is not valid JSON (error: Expecting ',' delimiter at pos 268): '{\\n  ""reasoning"": ""Y is linearly related to C, and it seems that B affects Y in the opposite direction. The relationship between Y and B is consistent. Let\'s submit the final equation."",\\n  ""step_type"": ""fi","True","277","False","0","False","False","0","Y = C + (-B)","True","True","missing_comma","Model omitted comma between JSON fields (e.g. after 'reasoning' value). Not fixable by _repair(). Relies on max_parse_retries for re-generation. [Old-style log: only ~277-char snippet from parse_error field.]"
"36","wandb_downloads_text_only","Text-only","kinematics","abstract","model_qwen35_9b","text_only_kinematics_abstract_model_qwen35_9b","wandb_downloads_text_only/scientific-exploration-increase-text-only/artifacts/episode-text_only_kinematics_abstract_model_qwen35_9b-09_latest","4","[json_decode] model output is not valid JSON (error: Unterminated string starting at at pos 17): '{\\n  ""reasoning"": ""I have tested the relationship between A, B, C, and Y. Increasing A by 5 increased Y by 5 (coefficient 1). Decreasing B by 1 decreased Y by 2 (coefficient -2). Increasing C by 1 incr","True","303","False","0","False","False","0","Y = (A + B + C) * 2","True","True","invalid_json_general","Model output was truncated mid-string (likely max_new_tokens exhausted during reasoning). Increase max_new_tokens or use a shorter reasoning prompt. [Old-style log: only ~303-char snippet from parse_error field.]"
"37","wandb_downloads_text_only","Text-only","mass","abstract","model_mistral_7b","text_only_mass_abstract_model_mistral_7b","wandb_downloads_text_only/scientific-exploration-increase-text-only/artifacts/episode-text_only_mass_abstract_model_mistral_7b-02_latest","6","[json_decode] model output is not valid JSON (error: Expecting ',' delimiter at pos 246): '{\\n  ""reasoning"": ""Y is directly related to B, as it changes in proportion to B, while A remains constant. No further exploration is required to confirm the relationship."",\\n  ""step_type"": ""finish"",\\n  ""act","True","254","False","0","False","False","0","Y = B * 2","True","True","missing_comma","Model omitted comma between JSON fields (e.g. after 'reasoning' value). Not fixable by _repair(). Relies on max_parse_retries for re-generation. [Old-style log: only ~254-char snippet from parse_error field.]"
"38","wandb_downloads_text_only","Text-only","kinematics","abstract","model_mistral_7b","text_only_kinematics_abstract_model_mistral_7b","wandb_downloads_text_only/scientific-exploration-increase-text-only/artifacts/episode-text_only_kinematics_abstract_model_mistral_7b-05_latest","9","[json_decode] model output is not valid JSON (error: Expecting ',' delimiter at pos 253): '{\\n  ""reasoning"": ""Y appears to be linearly related to both B and C, with no direct relationship with A. Let\'s find the coefficients for B and C using linear regression."",\\n  ""step_type"": ""finish"",\\n  ""act","True","262","False","0","False","False","0","Y = B + C","True","True","missing_comma","Model omitted comma between JSON fields (e.g. after 'reasoning' value). Not fixable by _repair(). Relies on max_parse_retries for re-generation. [Old-style log: only ~262-char snippet from parse_error field.]"
"39","wandb_downloads_text_only","Text-only","mass","abstract","model_mistral_7b","text_only_mass_abstract_model_mistral_7b","wandb_downloads_text_only/scientific-exploration-increase-text-only/artifacts/episode-text_only_mass_abstract_model_mistral_7b-00_latest","4","[json_decode] model output is not valid JSON (error: Expecting ',' delimiter at pos 306): '{\\n  ""reasoning"": ""The current observation shows a consistent ratio between A and Y, while B remains constant. No further changes are necessary to confirm the relationship and find the value of the constant k","True","308","False","0","False","False","0","Y = 5*A - 5*B","True","True","missing_comma","Model omitted comma between JSON fields (e.g. after 'reasoning' value). Not fixable by _repair(). Relies on max_parse_retries for re-generation. [Old-style log: only ~308-char snippet from parse_error field.]"
"40","wandb_downloads_text_only","Text-only","distance","abbrev","model_mistral_7b","text_only_distance_abbrev_model_mistral_7b","wandb_downloads_text_only/scientific-exploration-increase-text-only/artifacts/episode-text_only_distance_abbrev_model_mistral_7b-07_latest","6","[json_decode] model output is not valid JSON (error: Expecting ',' delimiter at pos 186): '{\\n  ""reasoning"": ""Confirmed that d is a function of d2 and d3 only. No further exploration is needed."",\\n  ""step_type"": ""finish"",\\n  ""action"": null,\\n  ""final_equation"": ""d = d2 + d3 - 5.0""'","True","194","False","0","False","False","0","d = d2 + d3","True","True","missing_comma","Model omitted comma between JSON fields (e.g. after 'reasoning' value). Not fixable by _repair(). Relies on max_parse_retries for re-generation. [Old-style log: only ~194-char snippet from parse_error field.]"
"41","wandb_downloads_text_only","Text-only","ohm","abstract","model_mistral_7b","text_only_ohm_abstract_model_mistral_7b","wandb_downloads_text_only/scientific-exploration-increase-text-only/artifacts/episode-text_only_ohm_abstract_model_mistral_7b-08_latest","3","[json_decode] model output is not valid JSON (error: Expecting ',' delimiter at pos 339): '{\\n  ""reasoning"": ""Y is directly proportional to A, and the current observation shows that Y does not appear to be related to B when A is held constant. Since we are only allowed to use A and B in the final e","True","306","False","0","False","False","0","Y = A * B","True","True","missing_comma","Model omitted comma between JSON fields (e.g. after 'reasoning' value). Not fixable by _repair(). Relies on max_parse_retries for re-generation. [Old-style log: only ~306-char snippet from parse_error field.]"
"42","wandb_downloads_text_only","Text-only","resistors","abstract","model_mistral_7b","text_only_resistors_abstract_model_mistral_7b","wandb_downloads_text_only/scientific-exploration-increase-text-only/artifacts/episode-text_only_resistors_abstract_model_mistral_7b-04_latest","7","[json_decode] model output is not valid JSON (error: Expecting ',' delimiter at pos 270): '{\\n  ""reasoning"": ""Y has remained constant while B has decreased, confirming that Y is the difference between a constant and the sum of A and B. No further exploration is necessary."",\\n  ""step_type"": ""finish","True","278","False","0","False","False","0","Y = A + B - 5","True","True","missing_comma","Model omitted comma between JSON fields (e.g. after 'reasoning' value). Not fixable by _repair(). Relies on max_parse_retries for re-generation. [Old-style log: only ~278-char snippet from parse_error field.]"
"43","wandb_downloads_text_only","Text-only","distance","abbrev","model_mistral_7b","text_only_distance_abbrev_model_mistral_7b","wandb_downloads_text_only/scientific-exploration-increase-text-only/artifacts/episode-text_only_distance_abbrev_model_mistral_7b-08_latest","11","[json_decode] model output is not valid JSON (error: Expecting ',' delimiter at pos 353): '{\\n  ""reasoning"": ""The relationship between d and d2 seems to be consistent and linear, with each increase in d2 causing a 5 unit increase in d. To find the coefficients, we need to observe the change in d wh","True","304","False","0","False","False","0","d = d2 + 3 * d3","True","True","missing_comma","Model omitted comma between JSON fields (e.g. after 'reasoning' value). Not fixable by _repair(). Relies on max_parse_retries for re-generation. [Old-style log: only ~304-char snippet from parse_error field.]"
"44","wandb_downloads_text_only","Text-only","mass","abbrev","model_mistral_7b","text_only_mass_abbrev_model_mistral_7b","wandb_downloads_text_only/scientific-exploration-increase-text-only/artifacts/episode-text_only_mass_abbrev_model_mistral_7b-07_latest","8","[json_decode] model output is not valid JSON (error: Expecting ',' delimiter at pos 296): '{\\n  ""reasoning"": ""The relationship between m and V appears to be direct proportionality with a proportionality constant of 3. All observations support this conclusion, and no further exploration is needed to","True","304","False","0","False","False","0","m = 3 * V * rho","True","True","missing_comma","Model omitted comma between JSON fields (e.g. after 'reasoning' value). Not fixable by _repair(). Relies on max_parse_retries for re-generation. [Old-style log: only ~304-char snippet from parse_error field.]"
"45","wandb_downloads_text_only","Text-only","distance","abbrev","model_mistral_7b","text_only_distance_abbrev_model_mistral_7b","wandb_downloads_text_only/scientific-exploration-increase-text-only/artifacts/episode-text_only_distance_abbrev_model_mistral_7b-05_latest","13","[json_decode] model output is not valid JSON (error: Expecting ',' delimiter at pos 195): '{\\n  ""reasoning"": ""All observations show that d is a linear function of d1 only. No further actions are needed to confirm."",\\n  ""step_type"": ""finish"",\\n  ""action"": null,\\n  ""final_equation"": ""d = d1""'","True","203","False","0","False","False","0","d = d1 + 0\*d2 + 0\*d3 (or simply d = d1, since d2 and d3 have no impact on d)","True","True","missing_comma","Model omitted comma between JSON fields (e.g. after 'reasoning' value). Not fixable by _repair(). Relies on max_parse_retries for re-generation. [Old-style log: only ~203-char snippet from parse_error field.]"
"46","wandb_downloads_text_only","Text-only","mass","abbrev","model_mistral_7b","text_only_mass_abbrev_model_mistral_7b","wandb_downloads_text_only/scientific-exploration-increase-text-only/artifacts/episode-text_only_mass_abbrev_model_mistral_7b-05_latest","3","[json_decode] model output is not valid JSON (error: Expecting ',' delimiter at pos 299): '{\\n  ""reasoning"": ""Verified that the relationship between rho, V, and m is proportional with V, and m is directly proportional to V. Since rho has no effect on m when V is constant, the equation can be writte","True","307","False","0","False","False","0","m = V * rho","True","True","missing_comma","Model omitted comma between JSON fields (e.g. after 'reasoning' value). Not fixable by _repair(). Relies on max_parse_retries for re-generation. [Old-style log: only ~307-char snippet from parse_error field.]"
"47","wandb_downloads_text_only","Text-only","beers","concrete","model_mistral_7b","text_only_beers_concrete_model_mistral_7b","wandb_downloads_text_only/scientific-exploration-increase-text-only/artifacts/episode-text_only_beers_concrete_model_mistral_7b-00_latest","6","[json_decode] model output is not valid JSON (error: Expecting ',' delimiter at pos 461): '{\\n  ""reasoning"": ""The current observations suggest that absorbance is directly proportional to the product of molar_absorptivity and path_length, and the absorbance increases linearly with concentration. Bas","True","302","False","0","False","False","0","absorbance = molar_absorptivity * path_length * concentration","True","True","missing_comma","Model omitted comma between JSON fields (e.g. after 'reasoning' value). Not fixable by _repair(). Relies on max_parse_retries for re-generation. [Old-style log: only ~302-char snippet from parse_error field.]"
"48","wandb_downloads_text_only","Text-only","kinematics","abbrev","model_mistral_7b","text_only_kinematics_abbrev_model_mistral_7b","wandb_downloads_text_only/scientific-exploration-increase-text-only/artifacts/episode-text_only_kinematics_abbrev_model_mistral_7b-04_latest","4","[json_decode] model output is not valid JSON (error: Expecting ',' delimiter at pos 278): '{\\n  ""reasoning"": ""x appears to be directly proportional to both x0 and t. To verify, let\'s keep v constant and adjust x0 and t. Then, we can use the observed relationship to deduce the final equation."",\\n ","True","287","False","0","False","False","0","x = x0 + v*t","True","True","missing_comma","Model omitted comma between JSON fields (e.g. after 'reasoning' value). Not fixable by _repair(). Relies on max_parse_retries for re-generation. [Old-style log: only ~287-char snippet from parse_error field.]"
"49","wandb_downloads_text_only","Text-only","distance","abbrev","model_mistral_7b","text_only_distance_abbrev_model_mistral_7b","wandb_downloads_text_only/scientific-exploration-increase-text-only/artifacts/episode-text_only_distance_abbrev_model_mistral_7b-06_latest","5","[json_decode] model output is not valid JSON (error: Expecting ',' delimiter at pos 301): '{\\n  ""reasoning"": ""Observing the changes in the variables, d remains constant when d1 is changed. This indicates that d is a function of d2 and d3. Since d increases when d3 is increased, the equation is like","True","308","False","0","False","False","0","d = d2 + d3","True","True","missing_comma","Model omitted comma between JSON fields (e.g. after 'reasoning' value). Not fixable by _repair(). Relies on max_parse_retries for re-generation. [Old-style log: only ~308-char snippet from parse_error field.]"
"50","wandb_downloads_text_only","Text-only","mass","concrete","model_mistral_7b","text_only_mass_concrete_model_mistral_7b","wandb_downloads_text_only/scientific-exploration-increase-text-only/artifacts/episode-text_only_mass_concrete_model_mistral_7b-09_latest","2","[json_decode] model output is not valid JSON (error: Expecting ',' delimiter at pos 560): '{\\n  ""reasoning"": ""The mass has remained constant when the density has decreased while the volume remains the same. This confirms that mass is directly proportional to both density and volume. To find the equ","True","303","False","0","False","False","0","mass = density * volume","True","True","missing_comma","Model omitted comma between JSON fields (e.g. after 'reasoning' value). Not fixable by _repair(). Relies on max_parse_retries for re-generation. [Old-style log: only ~303-char snippet from parse_error field.]"
"51","wandb_downloads_text_only","Text-only","resistors","abstract","model_mistral_7b","text_only_resistors_abstract_model_mistral_7b","wandb_downloads_text_only/scientific-exploration-increase-text-only/artifacts/episode-text_only_resistors_abstract_model_mistral_7b-08_latest","8","[json_decode] model output is not valid JSON (error: Expecting ',' delimiter at pos 228): '{\\n  ""reasoning"": ""Y remains constant regardless of changes in A and B, indicating that Y is a constant value. No relationship between A and B was found."",\\n  ""step_type"": ""finish"",\\n  ""action"": null,\\n  ""","True","236","False","0","False","False","0","Y = B * 3","True","True","missing_comma","Model omitted comma between JSON fields (e.g. after 'reasoning' value). Not fixable by _repair(). Relies on max_parse_retries for re-generation. [Old-style log: only ~236-char snippet from parse_error field.]"
"52","wandb_downloads_text_only","Text-only","kinematics","concrete","model_mistral_7b","text_only_kinematics_concrete_model_mistral_7b","wandb_downloads_text_only/scientific-exploration-increase-text-only/artifacts/episode-text_only_kinematics_concrete_model_mistral_7b-06_latest","8","[json_decode] model output is not valid JSON (error: Expecting ',' delimiter at pos 509): '{\\n  ""reasoning"": ""From the observed linear relationship between position, time, and velocity, we can infer that position is a function of time and velocity. The slope of the line represents the velocity, and","True","302","False","0","False","False","0","position = initial_position + velocity * time","True","True","missing_comma","Model omitted comma between JSON fields (e.g. after 'reasoning' value). Not fixable by _repair(). Relies on max_parse_retries for re-generation. [Old-style log: only ~302-char snippet from parse_error field.]"
"53","wandb_downloads_text_only","Text-only","kinematics","abstract","model_qwen35_9b","text_only_kinematics_abstract_model_qwen35_9b","wandb_downloads_text_only/scientific-exploration-increase-text-only/artifacts/episode-text_only_kinematics_abstract_model_qwen35_9b-04_latest","5","[json_decode] model output is not valid JSON (error: Unterminated string starting at at pos 17): '{\\n  ""reasoning"": ""Based on the history: Step 0 (A=10, B=5, C=2, Y=20) -> Step 1 (A=15, B=5, C=2, Y=25). Delta A=+5, Delta Y=+5. Coefficient for A is 1. Step 1 (A=15, B=5, C=2, Y=25) -> Step 2 (A=15, B","True","302","False","0","False","False","0","Y = A + B * C","True","True","invalid_json_general","Model output was truncated mid-string (likely max_new_tokens exhausted during reasoning). Increase max_new_tokens or use a shorter reasoning prompt. [Old-style log: only ~302-char snippet from parse_error field.]"
"54","wandb_downloads_text_only","Text-only","kinematics","abstract","model_qwen35_9b","text_only_kinematics_abstract_model_qwen35_9b","wandb_downloads_text_only/scientific-exploration-increase-text-only/artifacts/episode-text_only_kinematics_abstract_model_qwen35_9b-06_latest","3","[json_decode] model output is not valid JSON (error: Unterminated string starting at at pos 17): '{\\n  ""reasoning"": ""Current state: A=15, B=4, C=3, Y=27. Previous state: A=15, B=4, C=2, Y=23. Increasing C from 2 to 3 (factor 1.5) increased Y from 23 to 27 (factor 1.17). This is not a simple linear ","True","303","False","0","False","False","0","Y = A * C / B","True","True","invalid_json_general","Model output was truncated mid-string (likely max_new_tokens exhausted during reasoning). Increase max_new_tokens or use a shorter reasoning prompt. [Old-style log: only ~303-char snippet from parse_error field.]"
"55","wandb_downloads_text_only","Text-only","kinematics","abstract","model_qwen35_4b","text_only_kinematics_abstract_model_qwen35_4b","wandb_downloads_text_only/scientific-exploration-increase-text-only/artifacts/episode-text_only_kinematics_abstract_model_qwen35_4b-04_latest","1","[json_decode] model output is not valid JSON (error: Unterminated string starting at at pos 17): '{\\n  ""reasoning"": ""Current state: A=10, B=5, C=3, Y=25. Previous state was A=10, B=5, C=2, Y=20. When C increased by 1, Y increased by 5. This suggests Y depends on C with a coefficient of 5. Testing Y","True","302","False","0","False","False","0","Y = A + B + C + B - C","True","True","invalid_json_general","Model output was truncated mid-string (likely max_new_tokens exhausted during reasoning). Increase max_new_tokens or use a shorter reasoning prompt. [Old-style log: only ~302-char snippet from parse_error field.]"
"56","wandb_downloads_text_only","Text-only","beers","concrete","model_mistral_7b","text_only_beers_concrete_model_mistral_7b","wandb_downloads_text_only/scientific-exploration-increase-text-only/artifacts/episode-text_only_beers_concrete_model_mistral_7b-06_latest","5","[json_decode] model output is not valid JSON (error: Expecting ',' delimiter at pos 433): '{\\n  ""reasoning"": ""Observed a linear relationship between absorbance and path_length, with no apparent relationship between absorbance and molar_absorptivity or concentration when held constant. Based on thes","True","302","False","0","False","False","0","absorbance = molar_absorptivity * path_length * concentration","True","True","missing_comma","Model omitted comma between JSON fields (e.g. after 'reasoning' value). Not fixable by _repair(). Relies on max_parse_retries for re-generation. [Old-style log: only ~302-char snippet from parse_error field.]"
"57","wandb_downloads_text_only","Text-only","kinematics","abbrev","model_mistral_7b","text_only_kinematics_abbrev_model_mistral_7b","wandb_downloads_text_only/scientific-exploration-increase-text-only/artifacts/episode-text_only_kinematics_abbrev_model_mistral_7b-07_latest","2","[json_decode] model output is not valid JSON (error: Expecting ',' delimiter at pos 285): '{\\n  ""reasoning"": ""The current position (x) is equal to the initial position (x0) plus the product of the velocity (v) and time (t). No need for further exploration as the relationship has been confirmed."",\\","True","293","False","0","False","False","0","x = x0 + v*t","True","True","missing_comma","Model omitted comma between JSON fields (e.g. after 'reasoning' value). Not fixable by _repair(). Relies on max_parse_retries for re-generation. [Old-style log: only ~293-char snippet from parse_error field.]"
"58","wandb_downloads_text_only","Text-only","distance","abstract","model_mistral_7b","text_only_distance_abstract_model_mistral_7b","wandb_downloads_text_only/scientific-exploration-increase-text-only/artifacts/episode-text_only_distance_abstract_model_mistral_7b-06_latest","3","[json_decode] model output is not valid JSON (error: Expecting ',' delimiter at pos 377): '{\\n  ""reasoning"": ""The relationship between A and Y seems to be linear, as Y decreases when A decreases. The current observation suggests a relationship between Y and A, with little to no relationship with B ","True","303","False","0","False","False","0","Y = A + 5 * (A - C) / (B - 20)","True","True","missing_comma","Model omitted comma between JSON fields (e.g. after 'reasoning' value). Not fixable by _repair(). Relies on max_parse_retries for re-generation. [Old-style log: only ~303-char snippet from parse_error field.]"
"59","wandb_downloads_text_only","Text-only","mass","concrete","model_mistral_7b","text_only_mass_concrete_model_mistral_7b","wandb_downloads_text_only/scientific-exploration-increase-text-only/artifacts/episode-text_only_mass_concrete_model_mistral_7b-00_latest","14","[json_decode] model output is not valid JSON (error: Expecting ',' delimiter at pos 480): '{\\n  ""reasoning"": ""We have reached the maximum volume (50.0 m³) and have confirmed that mass is directly proportional to both density and volume. Since we have a fixed volume and the minimum density (1.0 kg/m","True","302","False","0","False","False","0","mass = density * volume","True","True","missing_comma","Model omitted comma between JSON fields (e.g. after 'reasoning' value). Not fixable by _repair(). Relies on max_parse_retries for re-generation. [Old-style log: only ~302-char snippet from parse_error field.]"
"60","wandb_downloads_text_only","Text-only","beers","abstract","model_mistral_7b","text_only_beers_abstract_model_mistral_7b","wandb_downloads_text_only/scientific-exploration-increase-text-only/artifacts/episode-text_only_beers_abstract_model_mistral_7b-07_latest","11","[json_decode] model output is not valid JSON (error: Expecting ',' delimiter at pos 236): '{\\n  ""reasoning"": ""The relationship between Y and A is linear with a constant k. No significant impact from B or C is observed. The final equation is Y = k * A."",\\n  ""step_type"": ""finish"",\\n  ""action"": null","True","244","False","0","False","False","0","Y = A * <constant>","True","True","missing_comma","Model omitted comma between JSON fields (e.g. after 'reasoning' value). Not fixable by _repair(). Relies on max_parse_retries for re-generation. [Old-style log: only ~244-char snippet from parse_error field.]"
"61","wandb_downloads_text_only","Text-only","resistors","concrete","model_mistral_7b","text_only_resistors_concrete_model_mistral_7b","wandb_downloads_text_only/scientific-exploration-increase-text-only/artifacts/episode-text_only_resistors_concrete_model_mistral_7b-07_latest","3","[json_decode] model output is not valid JSON (error: Expecting ',' delimiter at pos 317): '{\\n  ""reasoning"": ""The total resistance appears to be the sum of resistance_1 and resistance_2, as changing either variable proportionally affects the total_resistance. No further investigation is needed."",\\","True","308","False","0","False","False","0","total_resistance = resistance_1 + resistance_2","True","True","missing_comma","Model omitted comma between JSON fields (e.g. after 'reasoning' value). Not fixable by _repair(). Relies on max_parse_retries for re-generation. [Old-style log: only ~308-char snippet from parse_error field.]"
"62","wandb_downloads_text_only","Text-only","beers","abbrev","model_mistral_7b","text_only_beers_abbrev_model_mistral_7b","wandb_downloads_text_only/scientific-exploration-increase-text-only/artifacts/episode-text_only_beers_abbrev_model_mistral_7b-03_latest","8","[json_decode] model output is not valid JSON (error: Expecting ',' delimiter at pos 351): '{\\n  ""reasoning"": ""The relationship between A and epsilon appears to be logarithmic with base epsilon. To confirm this, let\'s check the logarithm of A with respect to epsilon and compare it to the value of e","True","307","False","0","False","False","0","A = 1 / epsilon * (c * l)","True","True","missing_comma","Model omitted comma between JSON fields (e.g. after 'reasoning' value). Not fixable by _repair(). Relies on max_parse_retries for re-generation. [Old-style log: only ~307-char snippet from parse_error field.]"
"63","wandb_downloads_text_only","Text-only","mass","abstract","model_mistral_7b","text_only_mass_abstract_model_mistral_7b","wandb_downloads_text_only/scientific-exploration-increase-text-only/artifacts/episode-text_only_mass_abstract_model_mistral_7b-03_latest","4","[json_decode] model output is not valid JSON (error: Expecting ',' delimiter at pos 198): '{\\n  ""reasoning"": ""Y is a constant offset from A, indicating a linear relationship. Let\'s find the equation of this line."",\\n  ""step_type"": ""finish"",\\n  ""action"": null,\\n  ""final_equation"": ""Y = 18 + A""'","True","207","False","0","False","False","0","Y = A + 18","True","True","missing_comma","Model omitted comma between JSON fields (e.g. after 'reasoning' value). Not fixable by _repair(). Relies on max_parse_retries for re-generation. [Old-style log: only ~207-char snippet from parse_error field.]"
"64","wandb_downloads_text_only","Text-only","kinematics","abstract","model_mistral_7b","text_only_kinematics_abstract_model_mistral_7b","wandb_downloads_text_only/scientific-exploration-increase-text-only/artifacts/episode-text_only_kinematics_abstract_model_mistral_7b-07_latest","7","[json_decode] model output is not valid JSON (error: Expecting ',' delimiter at pos 264): '{\\n  ""reasoning"": ""Y has remained constant while B was increased, indicating a potential relationship between B and Y. Since A and C have no observable effect on Y, we can conclude that Y = B."",\\n  ""step_typ","True","272","False","0","False","False","0","Y = B + 2*C","True","True","missing_comma","Model omitted comma between JSON fields (e.g. after 'reasoning' value). Not fixable by _repair(). Relies on max_parse_retries for re-generation. [Old-style log: only ~272-char snippet from parse_error field.]"
"65","wandb_downloads_text_only","Text-only","kinematics","abstract","model_qwen35_4b","text_only_kinematics_abstract_model_qwen35_4b","wandb_downloads_text_only/scientific-exploration-increase-text-only/artifacts/episode-text_only_kinematics_abstract_model_qwen35_4b-08_latest","2","[json_decode] model output is not valid JSON (error: Unterminated string starting at at pos 17): '{\\n  ""reasoning"": ""Based on the history, Step 0 established Y = A * C when B was 5 (10*2=20). Step 1 changed B to 6, and Y became 22. The difference is 2, which equals 2 * (6-5). Step 2 (current) chang","True","302","False","0","False","False","0","Y = A * C + B * B","True","True","invalid_json_general","Model output was truncated mid-string (likely max_new_tokens exhausted during reasoning). Increase max_new_tokens or use a shorter reasoning prompt. [Old-style log: only ~302-char snippet from parse_error field.]"
"66","wandb_downloads_text_only","Text-only","beers","abstract","model_mistral_7b","text_only_beers_abstract_model_mistral_7b","wandb_downloads_text_only/scientific-exploration-increase-text-only/artifacts/episode-text_only_beers_abstract_model_mistral_7b-02_latest","4","[json_decode] model output is not valid JSON (error: Expecting ',' delimiter at pos 171): '{\\n  ""reasoning"": ""Y returned to its initial value when C decreased, confirming that Y = C + B."",\\n  ""step_type"": ""finish"",\\n  ""action"": null,\\n  ""final_equation"": ""Y = C + B""'","True","179","False","0","False","False","0","Y = C + B","True","True","missing_comma","Model omitted comma between JSON fields (e.g. after 'reasoning' value). Not fixable by _repair(). Relies on max_parse_retries for re-generation. [Old-style log: only ~179-char snippet from parse_error field.]"
"67","wandb_downloads_text_only","Text-only","resistors","abstract","model_mistral_7b","text_only_resistors_abstract_model_mistral_7b","wandb_downloads_text_only/scientific-exploration-increase-text-only/artifacts/episode-text_only_resistors_abstract_model_mistral_7b-02_latest","20","[json_decode] model output is not valid JSON (error: Expecting ',' delimiter at pos 219): '{\\n  ""reasoning"": ""Y is a linear function of B, with a direct proportionality. We have enough evidence to confirm this relationship. Y = k * B."",\\n  ""step_type"": ""finish"",\\n  ""action"": null,\\n  ""final_equa","True","227","False","0","False","False","0","Y = A * B","True","True","missing_comma","Model omitted comma between JSON fields (e.g. after 'reasoning' value). Not fixable by _repair(). Relies on max_parse_retries for re-generation. [Old-style log: only ~227-char snippet from parse_error field.]"
"68","wandb_downloads_text_only","Text-only","ohm","abbrev","model_mistral_7b","text_only_ohm_abbrev_model_mistral_7b","wandb_downloads_text_only/scientific-exploration-increase-text-only/artifacts/episode-text_only_ohm_abbrev_model_mistral_7b-05_latest","4","[json_decode] model output is not valid JSON (error: Expecting ',' delimiter at pos 275): '{\\n  ""reasoning"": ""The linear relationship between I and V has been confirmed. No direct impact of R on V has been observed. Based on the current observations, the equation V = k * I can be proposed."",\\n  ""s","True","283","False","0","False","False","0","V = I * R / 10 + 20","True","True","missing_comma","Model omitted comma between JSON fields (e.g. after 'reasoning' value). Not fixable by _repair(). Relies on max_parse_retries for re-generation. [Old-style log: only ~283-char snippet from parse_error field.]"
"69","wandb_downloads_text_only","Text-only","beers","concrete","model_mistral_7b","text_only_beers_concrete_model_mistral_7b","wandb_downloads_text_only/scientific-exploration-increase-text-only/artifacts/episode-text_only_beers_concrete_model_mistral_7b-05_latest","5","[json_decode] model output is not valid JSON (error: Expecting ',' delimiter at pos 559): '{\\n  ""reasoning"": ""The observations confirm a linear relationship between absorbance and the product of molar_absorptivity, concentration, and path_length. To find the equation, we\'ll rearrange the equation ","True","303","False","0","False","False","0","absorbance = (molar_absorptivity * concentration * path_length)","True","True","missing_comma","Model omitted comma between JSON fields (e.g. after 'reasoning' value). Not fixable by _repair(). Relies on max_parse_retries for re-generation. [Old-style log: only ~303-char snippet from parse_error field.]"
"70","wandb_downloads_text_only","Text-only","ohm","abstract","model_mistral_7b","text_only_ohm_abstract_model_mistral_7b","wandb_downloads_text_only/scientific-exploration-increase-text-only/artifacts/episode-text_only_ohm_abstract_model_mistral_7b-05_latest","2","[json_decode] model output is not valid JSON (error: Expecting ',' delimiter at pos 373): '{\\n  ""reasoning"": ""Y is now 15.0, which is 3 times the value of B (5.0). Since A has no apparent relationship with Y after decreasing it, we can conclude that the relationship between Y and B is multiplicativ","True","304","False","0","False","False","0","Y = A * B / 2","True","True","missing_comma","Model omitted comma between JSON fields (e.g. after 'reasoning' value). Not fixable by _repair(). Relies on max_parse_retries for re-generation. [Old-style log: only ~304-char snippet from parse_error field.]"
