"source_dir","modality_from_q1_notebook","formula","setup","model","parse_error_cases","diagnosed_error_types","suggested_n_runs","rerun_needed","notes"
"wandb_downloads_image_only","Simulation-only","beers","abbrev","model_qwen25_vl_3b","1","finish_schema_error","10","yes","WARNING: notebook label 'Simulation-only' is misleading — actual config was bar-chart (config_chart_only_no_action.yaml), same as Chart-only"
"wandb_downloads_image_only","Simulation-only","kinematics","abbrev","model_qwen25_vl_7b","1","latex_backslash_escape","10","yes — latex fix already in code; likely to resolve","WARNING: notebook label 'Simulation-only' is misleading — actual config was bar-chart (config_chart_only_no_action.yaml), same as Chart-only"
"wandb_downloads_image_only","Simulation-only","kinematics","abstract","model_qwen25_vl_3b","1","missing_comma","10","yes — depends on max_parse_retries=3 and retry luck","WARNING: notebook label 'Simulation-only' is misleading — actual config was bar-chart (config_chart_only_no_action.yaml), same as Chart-only"
"wandb_downloads_text_image_chart_only2","Chart-only","beers","abbrev","model_qwen25_vl_3b","2","latex_backslash_escape, missing_comma","10","yes — latex fix already in code; likely to resolve",""
"wandb_downloads_text_image_chart_only2","Chart-only","beers","concrete","model_qwen25_vl_3b","1","missing_comma","10","yes — depends on max_parse_retries=3 and retry luck",""
"wandb_downloads_text_image_chart_only2","Chart-only","distance","concrete","model_qwen25_vl_3b","1","finish_schema_error","10","yes",""
"wandb_downloads_text_image_chart_only2","Chart-only","kinematics","abbrev","model_qwen25_vl_7b","2","latex_backslash_escape","10","yes — latex fix already in code; likely to resolve",""
"wandb_downloads_text_image_chart_only_action_text","Text+image","beers","concrete","model_qwen25_vl_3b","1","action_schema_error","10","yes",""
"wandb_downloads_text_image_chart_only_action_text","Text+image","ohm","abstract","model_qwen25_vl_3b","1","missing_comma","10","yes — depends on max_parse_retries=3 and retry luck",""
