"case_id","source_dir","modality_from_inventory","modality_from_q1_notebook","formula","setup","model","run_name","episode_path","failed_step","diagnosed_error_type","parse_error_message","mapping_consistent","notes"
"1","wandb_downloads_image_only","Simulation-only","Simulation-only","kinematics","abstract","model_qwen25_vl_3b","image_only_kinematics_abstract_model_qwen25_vl_3b","wandb_downloads_image_only/scientific-exploration-increase-image-only-/artifacts/episode-image_only_kinematics_abstract_model_qwen25_vl_3b-03_latest","3","missing_comma","[json_decode] model output is not valid JSON (error: Expecting ',' delimiter at pos 195): '{\\n  ""reasoning"": ""Observing","yes","NO — same bar-chart config as Chart-only; label 'Simulation-only' is misleading; actual config was config_chart_only_no_action.yaml"
"2","wandb_downloads_image_only","Simulation-only","Simulation-only","beers","abbrev","model_qwen25_vl_3b","image_only_beers_abbrev_model_qwen25_vl_3b","wandb_downloads_image_only/scientific-exploration-increase-image-only-/artifacts/episode-image_only_beers_abbrev_model_qwen25_vl_3b-04_latest","2","finish_schema_error","finish step must provide either final_equation (formula_discovery) or finish_reason (student_simulation)","yes","NO — same bar-chart config as Chart-only; label 'Simulation-only' is misleading; actual config was config_chart_only_no_action.yaml"
"3","wandb_downloads_image_only","Simulation-only","Simulation-only","kinematics","abbrev","model_qwen25_vl_7b","image_only_kinematics_abbrev_model_qwen25_vl_7b","wandb_downloads_image_only/scientific-exploration-increase-image-only-/artifacts/episode-image_only_kinematics_abbrev_model_qwen25_vl_7b-00_latest","0","latex_backslash_escape","[json_decode] model output is not valid JSON (error: Invalid \escape at pos 64): '{\\n  ""reasoning"": ""The orange bar rep","yes","NO — same bar-chart config as Chart-only; label 'Simulation-only' is misleading; actual config was config_chart_only_no_action.yaml"
"4","wandb_downloads_text_image_chart_only_action_text","Text+image","Text+image","beers","concrete","model_qwen25_vl_3b","chart_only_beers_concrete_model_qwen25_vl_3b","wandb_downloads_text_image_chart_only_action_text/scientific-exploration-increase-text-image-chart-only-action-text/artifacts/episode-chart_only_beers_concrete_model_qwen25_vl_3b-09_latest","11","action_schema_error","[schema] 'action.variable' is required when action is provided","yes","PARTIAL — bar chart images WITH action history text; 'Text+image' in notebook but actually 'Chart+action-text' by config"
"5","wandb_downloads_text_image_chart_only_action_text","Text+image","Text+image","ohm","abstract","model_qwen25_vl_3b","chart_only_ohm_abstract_model_qwen25_vl_3b","wandb_downloads_text_image_chart_only_action_text/scientific-exploration-increase-text-image-chart-only-action-text/artifacts/episode-chart_only_ohm_abstract_model_qwen25_vl_3b-04_latest","0","missing_comma","[json_decode] model output is not valid JSON (error: Expecting ',' delimiter at pos 159): '{\\n  ""reasoning"": ""Observing","yes","PARTIAL — bar chart images WITH action history text; 'Text+image' in notebook but actually 'Chart+action-text' by config"
"6","wandb_downloads_text_image_chart_only2","Chart-only","Chart-only","distance","concrete","model_qwen25_vl_3b","chart_only_no_action_distance_concrete_model_qwen25_vl_3b","wandb_downloads_text_image_chart_only2/scientific-exploration-increase-text-image-chart-only2/artifacts/episode-chart_only_no_action_distance_concrete_model_qwen25_vl_3b-07_latest","3","finish_schema_error","finish step must provide either final_equation (formula_discovery) or finish_reason (student_simulation)","yes","YES — bar chart images, no action text; label matches config"
"7","wandb_downloads_text_image_chart_only2","Chart-only","Chart-only","kinematics","abbrev","model_qwen25_vl_7b","chart_only_no_action_kinematics_abbrev_model_qwen25_vl_7b","wandb_downloads_text_image_chart_only2/scientific-exploration-increase-text-image-chart-only2/artifacts/episode-chart_only_no_action_kinematics_abbrev_model_qwen25_vl_7b-05_latest","0","latex_backslash_escape","[json_decode] model output is not valid JSON (error: Invalid \escape at pos 64): '{\\n  ""reasoning"": ""The orange bar rep","yes","YES — bar chart images, no action text; label matches config"
"8","wandb_downloads_text_image_chart_only2","Chart-only","Chart-only","beers","concrete","model_qwen25_vl_3b","chart_only_no_action_beers_concrete_model_qwen25_vl_3b","wandb_downloads_text_image_chart_only2/scientific-exploration-increase-text-image-chart-only2/artifacts/episode-chart_only_no_action_beers_concrete_model_qwen25_vl_3b-08_latest","7","missing_comma","[json_decode] model output is not valid JSON (error: Expecting ',' delimiter at pos 170): '{\\n  ""reasoning"": ""Observing","yes","YES — bar chart images, no action text; label matches config"
"9","wandb_downloads_text_image_chart_only2","Chart-only","Chart-only","beers","abbrev","model_qwen25_vl_3b","chart_only_no_action_beers_abbrev_model_qwen25_vl_3b","wandb_downloads_text_image_chart_only2/scientific-exploration-increase-text-image-chart-only2/artifacts/episode-chart_only_no_action_beers_abbrev_model_qwen25_vl_3b-03_latest","6","missing_comma","[json_decode] model output is not valid JSON (error: Expecting ',' delimiter at pos 252): '{\\n  ""reasoning"": ""Observing","yes","YES — bar chart images, no action text; label matches config"
"10","wandb_downloads_text_image_chart_only2","Chart-only","Chart-only","kinematics","abbrev","model_qwen25_vl_7b","chart_only_no_action_kinematics_abbrev_model_qwen25_vl_7b","wandb_downloads_text_image_chart_only2/scientific-exploration-increase-text-image-chart-only2/artifacts/episode-chart_only_no_action_kinematics_abbrev_model_qwen25_vl_7b-09_latest","0","latex_backslash_escape","[json_decode] model output is not valid JSON (error: Invalid \escape at pos 64): '{\\n  ""reasoning"": ""The orange bar rep","yes","YES — bar chart images, no action text; label matches config"
"11","wandb_downloads_text_image_chart_only2","Chart-only","Chart-only","beers","abbrev","model_qwen25_vl_3b","chart_only_no_action_beers_abbrev_model_qwen25_vl_3b","wandb_downloads_text_image_chart_only2/scientific-exploration-increase-text-image-chart-only2/artifacts/episode-chart_only_no_action_beers_abbrev_model_qwen25_vl_3b-06_latest","2","latex_backslash_escape","[json_decode] model output is not valid JSON (error: Invalid \escape at pos 285): '{\\n  ""reasoning"": ""Observing the bar","yes","YES — bar chart images, no action text; label matches config"
